#http://bf.memphis.edu/spectrum/eqreps.php
Finance Program Guide Print Version FOAPALs search by index search by fund search by organization search by program search by activity search by multiple fields search by orgn title search by index title SIGNATURES signatures by org signatures by name approval queues by org approval queues by name EQUIPMENT REPS assign equipment reps view equipment reps fixed asset workflow help CODES account code list rule code list location code search program code list data standards manual TRAINING learning curve UTILITIES & REPORTS budget overexpenditures e~Print FORMS accounting budget direct deposit procurement system access HR PROGRAM GUIDE TIGERBUY PROGRAM GUIDE Equipment Reps List by Organization Expand All Collapse All Export to Excel 10000 ORGN Title Equipment Rep E-Mail 100000 Office of President Jeanine Rakow jhrakow 102000 University Counsel Melanie Murry mmurry 110000 FedEx Institute of Technology Lisa Threadgill lthrdgll 110010 FIT Kevin Boggs Lisa Threadgill lthrdgll 120000 Internal Audit Paul Gogonelis pggnelis 20000 ORGN Title Equipment Rep E-Mail 200000 Provost Office Judy Alford jalford 200005 Faculty Ombudsperson Carolyn Featherstone cafthrst 200015 Dual Enrollment Elizabeth Buck ebuck 200105 Faculty Administrative Services Sheila Mathis ssmathis 200300 Space Planning Laura Mooney lrpayne 200400 Institutional Research Gary Donhardt donhardt 200410 Academic Affairs Technology Rachael Cottam rcottam 201000 College of Arts and Sciences Marijane Garrett garrett 201010 Academic Computer Adm CAS Marijane Garrett garrett 201015 Assoc Dean CAS Graduate Marijane Garrett garrett 201020 UTeach Andrew Meyers ameyers 201030 CRISTAL Peter Bridson pbridson 201035 Center for Excellence MD2K James Beel jcbeel 201100 CAS Dean Marijane Garrett garrett 202000 Anthropology Paulette Wilkerson pwilkrsn 202101 SPH Satish Kedia Ropo Sanvee rsanvee 202102 Earth Sci D Dye Julia Crutchfield jscrtchf 202106 Anth R Finerman Paulette Wilkerson pwilkrsn 202108 Anthropology Kathryn Hicks Paulette Wilkerson pwilkrsn 202109 Anthroplogy Michael Duke Paulette Wilkerson pwilkrsn 202110 Anthropology Micah Trapp Paulette Wilkerson pwilkrsn 203000 Biology Jon Hart jhart4 203100 Biol M Ferkin Michael Ferkin mhferkin 203124 Biology Karyl Buddington Karyl Buddington kbudding 203125 Biology Randall Bayer Randall Bayer rbayer 203126 Biology Carrie Sutter Carrie Sutter csutter 204000 Chemistry Melody Bridgeford mbrdgfrd 204001 Lambuth Chemistry Tony Pearson tgparson 204100 Chem C Dass Melody Bridgeford mbrdgfrd 204101 Chem T Burkey Melody Bridgeford mbrdgfrd 204102 Chem A Parrill-Baker Melody Bridgeford mbrdgfrd 204103 Computational Res Material Inst Melody Bridgeford mbrdgfrd 204104 Chem L Houk Melody Bridgeford mbrdgfrd 204106 Chem R Petersen Melody Bridgeford mbrdgfrd 204107 Chem E Pinkhassik Melody Bridgeford mbrdgfrd 204108 Chem P Bridson Melody Bridgeford mbrdgfrd 204109 Chem Timothy Brewster Melody Bridgeford mbrdgfrd 204110 Chem Ying Li Melody Bridgeford mbrdgfrd 204113 Chem Y Wang Melody Bridgeford mbrdgfrd 204114 Chem G Emmert Melody Bridgeford mbrdgfrd 204115 Chemistry Tarek Farhat Melody Bridgeford mbrdgfrd 204116 Chemistry Charles Webster Melody Bridgeford mbrdgfrd 204117 Chemistry Walter Ermler Melody Bridgeford mbrdgfrd 204118 Chemistry Daniel Baker Melody Bridgeford mbrdgfrd 204119 Chemistry Tomoko Fujiwara Melody Bridgeford mbrdgfrd 204120 Chemistry Xuan Zhao Melody Bridgeford mbrdgfrd 204121 Chemistry Xiaohua Huang Melody Bridgeford mbrdgfrd 204122 Chemistry Paul Simone Melody Bridgeford mbrdgfrd 204123 Chemistry Mark Freilich Melody Bridgeford mbrdgfrd 204124 Chemistry Wiliam Alexander Melody Bridgeford mbrdgfrd 205000 English Verlinda Franklin vjfrnkln 205108 English Sage Graham Sage Graham sgraham2 206000 Foreign Languages Glynda Luttman grluttmn 206100 Foreign Language C Gaudenzi Glynda Luttman grluttmn 206101 Foreign Languages Yuki Matsuda Glynda Luttman grluttmn 206102 Foreign Languages Robert Kelz Glynda Luttman grluttmn 206103 Foreign Languages V Barraza Toledo Glynda Luttman grluttmn 206104 Foreign Languages I Ortega Santos Glynda Luttman grluttmn 206105 Foreign Languages Diana Ruggiero Glynda Luttman grluttmn 206106 Foreign Languages I Gomez Soler Glynda Luttman grluttmn 206107 Foreign Languages Tommaso Gazzarri Glynda Luttman grluttmn 207000 Earth Sciences Julia Crutchfield jscrtchf 207100 Earth Sci T Mealor Julia Crutchfield jscrtchf 207101 Earth Sci G Swihart Julia Crutchfield jscrtchf 207102 Earth Sci R Vanarsdale Julia Crutchfield jscrtchf 207103 Earth Sci D Larsen Julia Crutchfield jscrtchf 207104 Earth Sci R Cox Julia Crutchfield jscrtchf 207105 Earth Sci H Kung Yue Zhang yzhang12 207106 Earth Sci J Pujol Julia Crutchfield jscrtchf 207107 Earth Sci T Wasklewicz Julia Crutchfield jscrtchf 207108 Earth Sci J Sohn Julia Crutchfield jscrtchf 207109 Earth Sci A Hill Julia Crutchfield jscrtchf 207110 Earth Sci J Bartholomew Julia Crutchfield jscrtchf 207111 Earth Sci L Urbano Julia Crutchfield jscrtchf 207112 Earth Sciences E Ozdenerol Julia Crutchfield jscrtchf 207113 Earth Sciences Andrew Mickelson Julia Crutchfield jscrtchf 207115 Earth Sciences Gregory Taff Julia Crutchfield jscrtchf 207116 Earth Sciences Melanie Rapino Julia Crutchfield jscrtchf 207117 Earth Sciences Judson Finley Julia Crutchfield jscrtchf 207118 Earth Sciences Anzhelika Antipova Julia Crutchfield jscrtchf 207119 Earth Sciences Dorian Burnette Julia Crutchfield jscrtchf 207120 Earth Sciences Youngsang Kwon Julia Crutchfield jscrtchf 207121 Earth Sciences Ryan Parish Julia Crutchfield jscrtchf 208000 History Martha Jackett mkmiller 208100 Oral History Martha Jackett mkmiller 208101 Hist J Fickle Martha Jackett mkmiller 208102 Hist D Laumann Martha Jackett mkmiller 208103 Hist P Brand Martha Jackett mkmiller 208104 Hist M Caffrey Martha Jackett mkmiller 208105 Hist J Blythe Martha Jackett mkmiller 208106 Hist Jonathan Judaken Martha Jackett mkmiller 208107 Hist A Goudsouzian Martha Jackett mkmiller 208108 History DAnn Penner Martha Jackett mkmiller 208109 History Kent Schull Martha Jackett mkmiller 209000 Mathematics James Beel jcbeel 209001 Lambuth Mathematics James Beel jcbeel 209100 Math B Bollobas James Beel jcbeel 209101 Computer Science King Ip Lin James Beel jcbeel 209102 Math Wai Tan James Beel jcbeel 209103 Math M Wierdl James Beel jcbeel 209104 Math A Quas James Beel jcbeel 209105 Math R McCutcheon James Beel jcbeel 209106 Math J Campbell James Beel jcbeel 209107 Math G Goldstein James Beel jcbeel 209108 Math E George James Beel jcbeel 209109 Math P Balister James Beel jcbeel 209110 Comp Sci L Sherrell James Beel jcbeel 209111 Comp Sci M Garzon James Beel jcbeel 209112 Comp Sci T McCauley James Beel jcbeel 209113 Comp Sci S Shiva James Beel jcbeel 209114 Comp Sci Y Xiao James Beel jcbeel 209115 Comp Sci L Wang James Beel jcbeel 209116 Comp Sci V Rus James Beel jcbeel 209117 Comp Sci J Zhu James Beel jcbeel 209118 Comp Sci V Phan James Beel jcbeel 209120 Math, T Hagen James Beel jcbeel 209121 Math Tsz Ho Chan James Beel jcbeel 209123 Math Manohar Aggarwal IDCR James Beel jcbeel 209124 Math Alistair Windsor James Beel jcbeel 209126 Math John Haddock James Beel jcbeel 209127 Math James Jamison James Beel jcbeel 209128 Math Lih Deng James Beel jcbeel 209129 Math Maria Botelho James Beel jcbeel 209130 Math Bentuo Zheng James Beel jcbeel 209131 Math Dale Armstrong James Beel jcbeel 209132 Math Ben McCarty James Beel jcbeel 209133 Math Anna Kaminska James Beel jcbeel 209134 Math Vladimir Nikiforov James Beel jcbeel 209135 Math David Grynkiewicz James Beel jcbeel 209136 Math Irena Lasiecka James Beel jcbeel 209137 Math Roberto Triggiani James Beel jcbeel 209138 Math Su Chen James Beel jcbeel 209139 Math Angela Grant James Beel jcbeel 210000 Computer Science James Beel jcbeel 210100 Comp Sci S Franklin James Beel jcbeel 210101 Comp Sci D Dasgupta James Beel jcbeel 210102 Math R Kozma James Beel jcbeel 210103 Computer Science Qishi Wu James Beel jcbeel 210104 Computer Science Santosh Kumar James Beel jcbeel 210105 Computer Science Scott Fleming James Beel jcbeel 210106 Computer Science Timothy Hnat James Beel jcbeel 210107 Computer Science Zhuo Lu James Beel jcbeel 211000 Philosophy Connie Diffee cdiffee 211100 Southern Journal Philosophy Connie Diffee cdiffee 212000 Physics and Materials Science Corinne OConnor cconnor2 212001 Lambuth Physics Latonya Sanders llsnders 212100 Phys S Mishra Corinne OConnor cconnor2 212101 Phys M Jahan Corinne OConnor cconnor2 212102 Phys D Franceschetti Corinne OConnor cconnor2 212103 Phys R Marchini Corinne OConnor cconnor2 212104 Phys J Schmelz Joan Schmelz jschmelz 212106 Phys M Laradji Corinne OConnor cconnor2 212109 Physics Firouzeh Sabri Corinne OConnor cconnor2 212111 Physics Prabhakar Pradhan Corinne OConnor cconnor2 212112 Physics Jingbiao Cui Corinne OConnor cconnor2 212113 Physics Xiao Shen Corinne OConnor cconnor2 213000 Political Science Angela Kuykendoll askykndl 213100 Public Admin D Norris-Tirrell Vickie Peters vpeters 213101 Pol Sci Doug Imig Douglas Imig dimig 213102 Pol Sci William Madlock Angela Kuykendoll askykndl 213104 Pol Sci David Morrill-Richards Angela Kuykendoll askykndl 213105 Political Science Nicole Detraz Angela Kuykendoll askykndl 213106 Political Science Eric Groenendyk Angela Kuykendoll askykndl 213107 Political Science Dursun Peksen Angela Kuykendoll askykndl 214000 Psychology Danny Tally dtally 214100 Psyc C McConnell Danny Tally dtally 214101 Psyc B Beech Danny Tally dtally 214102 Psychological Service Center Danny Tally dtally 214103 Neuro Psychology Research Danny Tally dtally 214104 Psyc W Dwyer Danny Tally dtally 214105 Psyc A Graesser Vickie Middleton vlmddltn 214106 Psyc K Lichstein Danny Tally dtally 214107 Psyc G Mittleman Danny Tally dtally 214108 Psyc L Robinson Danny Tally dtally 214109 Psyc T Fagan Danny Tally dtally 214110 Psyc F Leeming Danny Tally dtally 214111 Psyc X Hu Vickie Middleton vlmddltn 214112 Psyc D Murray Danny Tally dtally 214113 Psyc R Kreuz Danny Tally dtally 214114 Psyc D Matthews Danny Tally dtally 214115 Psyc D Mcnamara Danny Tally dtally 214116 Psyc H Levitt Danny Tally dtally 214117 Psyc R Floyd Danny Tally dtally 214118 Psyc R Phaneuf Danny Tally dtally 214119 Psyc M Louwerse Vickie Middleton vlmddltn 214120 Psyc M Cook Danny Tally dtally 214121 Psyc C Blaha Danny Tally dtally 214122 Psyc P Wolff Danny Tally dtally 214123 Psyc B Gholson Danny Tally dtally 214124 Psyc T Okwumabua Danny Tally dtally 214125 Psyc R Azevedo Danny Tally dtally 214126 Psychology Meghan McDevitt-Murphy Danny Tally dtally 214127 Psychology Richard McCowen Danny Tally dtally 214128 Psychology James Murphy Danny Tally dtally 214129 Psychology Elizabeth Meisinger Danny Tally dtally 214130 Psychology Richard Dale Danny Tally dtally 214131 Psychology Robert Neimeyer Danny Tally dtally 214132 Psych Katherine Kitzmann Danny Tally dtally 214133 Psychology Ronald Landis Danny Tally dtally 214134 Psychology Helen Sable Danny Tally dtally 214135 Psychology Gilbert Parra Danny Tally dtally 214136 Psychology J Beck Danny Tally dtally 214137 Psyc Frank Andrasik Danny Tally dtally 214138 Psychology Kristoffer Berlin Danny Tally dtally 214139 Psychology Evan Risko Danny Tally dtally 214140 Psychology Idia Thurston Danny Tally dtally 214141 Psychology Stephanie Huette Danny Tally dtally 214142 Psychology Kathryn Howell Danny Tally dtally 214143 Psychology Jason Braasch Danny Tally dtally 214200 Institute For Intelligent Systems Vickie Middleton vlmddltn 214201 IIS Andew Olney Vickie Middleton vlmddltn 214202 IIS Sidney D'Mello Vickie Middleton vlmddltn 214203 IIS Scotty Craig Vickie Middleton vlmddltn 214204 IIS Philip Pavlik Vickie Middleton vlmddltn 214205 IIS Bonny Banerjee Vickie Middleton vlmddltn 214206 IIS Fazel Keshtkar Vickie Middleton vlmddltn 214207 IIS Gavin Bidelman Lawrence Brainerd lbrainrd 214208 IIS Zhiqiang Cai Vickie Middleton vlmddltn 215000 Sociology Dedra Scott dascott1 215001 Lambuth Sociology Dedra Scott dascott1 215101 Soc J Reed Dedra Scott dascott1 215102 Soc W Rushing Dedra Scott dascott1 215103 Soc D Shinberg Dedra Scott dascott1 215104 Soc S Scanlan Dedra Scott dascott1 215105 Sociology Martin Levin Dedra Scott dascott1 215106 Sociology Wesley James Dedra Scott dascott1 215107 Sociology Seth Abrutyn Dedra Scott dascott1 215108 Sociology Anna Mueller Dedra Scott dascott1 215109 Sociology Junmin Wang Dedra Scott dascott1 215110 Sociology Zandria Robinson Dedra Scott dascott1 215111 Sociology Jennifer Loftus Dedra Scott dascott1 215112 Sociology Joseph Lariscy Dedra Scott dascott1 215113 Sociology Maryann Erigha Dedra Scott dascott1 216000 CERI Michelle Smith mesmith 216001 CERI A Johnston Michelle Smith mesmith 216100 CERI P Bodin Michelle Smith mesmith 216101 CERI M Ellis Michelle Smith mesmith 216102 CERI C Langston Michelle Smith mesmith 216103 CERI S Horton Michelle Smith mesmith 216104 CERI P Rydelek Michelle Smith mesmith 216105 CERI R Smalley Michelle Smith mesmith 216106 CERI M Withers Michelle Smith mesmith 216107 CERI J Chiu Michelle Smith mesmith 216108 CERI C Powell Michelle Smith mesmith 216109 CERI G Patterson Michelle Smith mesmith 216110 CERI J Dorman Michelle Smith mesmith 216111 CERI G Goldstein Michelle Smith mesmith 216112 CERI Maria Magnani Michelle Smith mesmith 216113 CERI Heather DeShon Michelle Smith mesmith 216114 CERI Chris Cramer Michelle Smith mesmith 216115 CERI Nathan Moran Michelle Smith mesmith 216116 CERI Shu-Chioung Chiu Michelle Smith mesmith 216117 CERI John Puchakayala Michelle Smith mesmith 216118 CERI Euneso Choi Michelle Smith mesmith 216119 CERI Ricardo Taborda Michelle Smith mesmith 216120 CERI Eric Daub Michelle Smith mesmith 217000 Center for Community Health Ropo Sanvee rsanvee 217100 Interdisciplinary Studies Sharon Beasley sbeasley 217101 African American Studies Sharon Beasley sbeasley 217102 PADM Joy Clay Sharon Beasley sbeasley 217110 Chucalissa Melissa Buchner mmbuchnr 217112 Marcus W Orr Ctr for the Humanities Sharon Beasley sbeasley 217113 Confucius Institute Yue Zhang yzhang12 217120 Center for Research on Women Sharon Beasley sbeasley 217121 Lynda Sagrestano CROW Sharon Beasley sbeasley 217125 Womens Studies Sharon Beasley sbeasley 217126 Asian Studies Yue Zhang yzhang12 217130 Judaic Studies Sharon Beasley sbeasley 217131 Judaic Studies D Patterson Sharon Beasley sbeasley 217140 Hooks Inst for Social Change Sharon Beasley sbeasley 217150 Bioinformatics Lynn Jones ljones11 217151 Bioinformatics R Homayouni Lynn Jones ljones11 217152 Bioinformatics Victor Jin Lynn Jones ljones11 217160 Master of Public Health Ropo Sanvee rsanvee 217170 International Studies Sharon Beasley sbeasley 217200 Air Force ROTC Rhiannon Goertz rsgoertz 217300 Army ROTC Donna Haskins dhaskins 217400 Navy ROTC Wendy Reynolds wreynold 217500 School of Urban Affairs Vickie Peters vpeters 217510 Comm Bldg and Neighborhood Action Vickie Peters vpeters 217511 SUAP S Hyland Vickie Peters vpeters 217513 SUAP D Cox Vickie Peters vpeters 217514 SUAP R Klesges Vickie Peters vpeters 217550 Inst for Philanthropy and Nonprofit Rebecca Horowitz rhrowitz 217600 Master of Health Administration Ropo Sanvee rsanvee 217610 MHA C Barsukiew Ropo Sanvee rsanvee 217611 MHA David Rosenthal Ropo Sanvee rsanvee 217612 MHA LaDon Jones Ropo Sanvee rsanvee 217700 Public Administration Rebecca Horowitz rhrowitz 217701 Public Admin L Harris Rebecca Horowitz rhrowitz 217702 Public Admin Charles Menifield Rebecca Horowitz rhrowitz 217703 Public Admin Susan Schmidt Rebecca Horowitz rhrowitz 217704 Public Admin Sharon Wrobel Rebecca Horowitz rhrowitz 217705 Public Admin Leigh Hersey Rebecca Horowitz rhrowitz 217706 Public Admin Michael Howell-Moroney Rebecca Horowitz rhrowitz 217710 Lambuth Public Administration Rebecca Horowitz rhrowitz 217900 City and Regional Planning Jessica Buttermore jbuttrmr 217910 REDC T Redding Jessica Buttermore jbuttrmr 217911 REDC L Burrell Jessica Buttermore jbuttrmr 217912 PLAN S Roakes Jessica Buttermore jbuttrmr 217913 REDC G Pearson Jessica Buttermore jbuttrmr 217914 PLAN Kenneth Reardon Jessica Buttermore jbuttrmr 217915 PLAN Charles Santo Jessica Buttermore jbuttrmr 217916 PLAN David Westendorff Jessica Buttermore jbuttrmr 218000 Social Work Kimberly Brown kbrwn124 218001 Social Work Jerome Blakemore Kimberly Brown kbrwn124 218002 Lambuth Social Work Kimberly Brown kbrwn124 218100 Social Work Susan Hutchinson Kimberly Brown kbrwn124 218101 Social Work Susan Elswick Kimberly Brown kbrwn124 218102 Social Work Steven Soifer Kimberly Brown kbrwn124 218110 Social Work Catherine Simmons Kimberly Brown kbrwn124 218120 Social Work Susan Neely Barnes Kimberly Brown kbrwn124 218130 Social Work Robin Lennon Dearing Kimberly Brown kbrwn124 218140 Social Work Gary Schneider Kimberly Brown kbrwn124 218150 Social Work Elena Delavega Kimberly Brown kbrwn124 218200 Social Work Gregory Washington Kimberly Brown kbrwn124 220000 College of Business Economics Michael Houston mshoustn 220001 Chair of Excellence Sparks Family Michael Houston mshoustn 220100 FCBE E Nichols Michael Houston mshoustn 220101 FCBE J Malloy Michael Houston mshoustn 220102 FCBE B Janz Michael Houston mshoustn 220103 Center for Supply Chain Mgmt Michael Houston mshoustn 220104 International Business Michael Houston mshoustn 220105 FCBE Student Professional Deve Michael Houston mshoustn 221000 School of Accountancy Michael Houston mshoustn 221001 Chair of Excellence Thompson Hill Michael Houston mshoustn 221002 Chair of Excellence J T Thompson Michael Houston mshoustn 222000 Economics Michael Houston mshoustn 222100 Econ C Chang Michael Houston mshoustn 222101 Economics Kwok-Kwan Fung Michael Houston mshoustn 222102 Economics David Kemme David Kemme dmkemme 222103 Economics Julia Heath Michael Houston mshoustn 222104 Econ Andrew Hussey Michael Houston mshoustn 222105 Economics Albert Okunade Michael Houston mshoustn 222106 Econ Doug Campbell Michael Houston mshoustn 223000 Finance Insurance Real Estate Michael Houston mshoustn 223001 Chair of Excellence Real Estate Michael Houston mshoustn 223002 Chair of Excellence Finance Michael Houston mshoustn 223100 FIRE R Wood Michael Houston mshoustn 223101 FIRE Ronald Spahr Michael Houston mshoustn 223102 FIRE Sandra Mortal Michael Houston mshoustn 224000 Management Michael Houston mshoustn 224001 Chair of Excellence Free Enterprise Michael Houston mshoustn 224100 Mgmt D Allen Michael Houston mshoustn 224101 MGMT Rabi Bhagat Michael Houston mshoustn 225000 Marketing Supply Management Michael Houston mshoustn 225100 Mktg D Retzlaff Michael Houston mshoustn 225101 Mktg M Amini Michael Houston mshoustn 225102 Marketing Katrina Savitskie Michael Houston mshoustn 226000 Management Information Systems Michael Houston mshoustn 226001 Chair of Excellence MIS Michael Houston mshoustn 226100 MIS L Brooks Michael Houston mshoustn 226101 MIS M Gillenson Michael Houston mshoustn 226102 MIS Jasbir Dhaliwal Jasbir Dhaliwal jdhaliwl 226103 MIS Judith Simon Judith Simon jsimon 226104 MIS Thomas Stafford Michael Houston mshoustn 226105 MIS Robin Poston Michael Houston mshoustn 227000 FCBE Academic Administration Michael Houston mshoustn 227001 Executive Education Michael Houston mshoustn 227100 FCBE L Abbott Michael Houston mshoustn 227101 FCBE P Jain Michael Houston mshoustn 227500 FCBE Academic Program Michael Houston mshoustn 227600 School Hospitality and Resort Mgmt Michael Houston mshoustn 227601 HRM Eric Brey Michael Houston mshoustn 227700 Undergraduate Student Services Shelley Bennett sdbnnett 227850 FCBE Executive and Intl Master Prog Mary Dawson mdawson 227900 FCBE Undergraduate Acad Advisor Shelley Bennett sdbnnett 230000 College of Education Sheila Ogburn sogburn 230100 Teacher Education Jennifer Nelson jmnelsn1 230101 College of Education Ric Hovda Sheila Ogburn sogburn 230102 College of Education Marty Alberg Sheila Ogburn sogburn 230103 College of Education Beverly Cross Sheila Ogburn sogburn 230104 College of Education Vivian Morris Sheila Ogburn sogburn 231000 Leadership Janet Robbins jcrbbins 231001 Lambuth Leadership Janet Robbins jcrbbins 231010 Center for Urban School Leadership Janet Robbins jcrbbins 231020 CUSL Eleanor Sanders Lawson Janet Robbins jcrbbins 231100 Leadership Reginald Green Janet Robbins jcrbbins 231101 Leadership Larry McNeal Janet Robbins jcrbbins 232000 Counsel Education Psych Research Jennifer Mueller jrmller2 232001 Lambuth Counsel Edu Psych Res Jennifer Mueller jrmller2 232100 CEPR E Rakow Jennifer Mueller jrmller2 232101 CEPR C Donnell Jennifer Mueller jrmller2 232102 CEPR Y Shu Jennifer Mueller jrmller2 232103 CEPR D Lustig Jennifer Mueller jrmller2 232104 CEPR D Strohmer Jennifer Mueller jrmller2 232105 CEPR Yeh Hsueh Jennifer Mueller jrmller2 232106 CEPR Kakali Bhattacharya Jennifer Mueller jrmller2 232107 CEPR E Martz Jennifer Mueller jrmller2 232108 CEPR Yonghong Xu Jennifer Mueller jrmller2 232109 CEPR Chrisann Schiro-Geist Jennifer Mueller jrmller2 232110 CEPT Matthew Martens Jennifer Mueller jrmller2 232111 CEPR Stephen Zanskas Jennifer Mueller jrmller2 232112 CEPR Pamela Cogdal Jennifer Mueller jrmller2 232113 CEPR Martin Jones Jennifer Mueller jrmller2 232114 CEPR Denise Winsor Jennifer Mueller jrmller2 232115 CEPR Sha'Kema Blackmon Jennifer Mueller jrmller2 232116 CRER Lavonnie Perry-Claybon Lavonnie Claybon lclaybon 233000 Center Rehab Employment Research Lavonnie Claybon lclaybon 233100 CRER D Strauser Lavonnie Claybon lclaybon 234000 Instruction Curriculum Leadership Debra Nichols dnichls1 234001 Lambuth Instruction Curr Leader Debra Nichols dnichls1 234100 ICL T Buggey Debra Nichols dnichls1 234101 ICL P Favazza Debra Nichols dnichls1 234102 ICL D Giannangelo Debra Nichols dnichls1 234103 ICL J Robertson Debra Nichols dnichls1 234104 ICL J Crabtree Debra Nichols dnichls1 234105 Reading Center Debra Nichols dnichls1 234106 ICL D Lowther Debra Nichols dnichls1 234107 AIM Lab Debra Nichols dnichls1 234108 ICL R Anderson Debra Nichols dnichls1 234109 ICL K Abraham Debra Nichols dnichls1 234110 ICL A Seed Debra Nichols dnichls1 234111 ICL J Belk Debra Nichols dnichls1 234112 ICL S Thompson Debra Nichols dnichls1 234113 ICL S Maxwell Debra Nichols dnichls1 234114 ICL J Johnston Debra Nichols dnichls1 234115 ICL D Moberly Debra Nichols dnichls1 234116 ICL S Nichol Debra Nichols dnichls1 234117 ICL K Cooter Debra Nichols dnichls1 234118 ICL R Cooter Debra Nichols dnichls1 234119 ICL S Key Debra Nichols dnichls1 234120 ICL B Cummings Debra Nichols dnichls1 234121 ICL Mary Ransdell Debra Nichols dnichls1 234122 ICL J Helen Perkins Debra Nichols dnichls1 234123 ICL Jerrie Scott Debra Nichols dnichls1 234124 ICL Sara Bicard Debra Nichols dnichls1 234125 ICL Emery Martindale Debra Nichols dnichls1 234126 ICL David Bicard Debra Nichols dnichls1 234127 ICL Kay Reeves Debra Nichols dnichls1 234128 ICL Mark Conley Debra Nichols dnichls1 234129 ICL Angiline Powell Debra Nichols dnichls1 234130 ICL Sally Blake Debra Nichols dnichls1 234131 ICL Lee Allen Debra Nichols dnichls1 234132 ICL Celia Anderson Debra Nichols dnichls1 234133 ICL - Sandra Guntharp Debra Nichols dnichls1 234134 ICL Renee Murley Debra Nichols dnichls1 234135 ICL Mary Boudreaux Debra Nichols dnichls1 234136 ICL Michael Grant Debra Nichols dnichls1 234137 ICL Laura Casey Debra Nichols dnichls1 234138 ICL Alfred Hall Debra Nichols dnichls1 234139 ICL DeAnna Owens Debra Nichols dnichls1 234140 ICL William Hunter Debra Nichols dnichls1 234141 ICL Nicole Thompson Debra Nichols dnichls1 234142 ICL Carmen Weaver Debra Nichols dnichls1 234143 ICL Erika Bullock Debra Nichols dnichls1 235000 Health Studies Mary Tate-Evans mtatevns 235100 SBS K Ward Ropo Sanvee rsanvee 235102 UC Richard Irwin Elizabeth Buck ebuck 235103 HSS J Okwumabua Mary Tate-Evans mtatevns 235105 HSS S Walls Mary Tate-Evans mtatevns 235107 SLC Michael Huffman Mary Tate-Evans mtatevns 235108 HSS T Smith Mary Tate-Evans mtatevns 235111 HSS R Bloomer Mary Tate-Evans mtatevns 235112 HSS B Schilling Mary Tate-Evans mtatevns 235115 HSS Barbara McClanahan Mary Tate-Evans mtatevns 235116 HSS Linda Clemens Mary Tate-Evans mtatevns 235117 HSS Lawrence Weiss Mary Tate-Evans mtatevns 235119 Epidemiology Wasim Maziak Ropo Sanvee rsanvee 235120 HSS Michelle Stockton Mary Tate-Evans mtatevns 235121 HSS Yuhua Li Mary Tate-Evans mtatevns 235122 HSS Randal Buddington Mary Tate-Evans mtatevns 235123 HSS - M Ruth Williams Mary Tate-Evans mtatevns 235124 HSS Carol Irwin Carol Irwin cirwin 235127 HSS Max Paquette Mary Tate-Evans mtatevns 236000 Center Higher Education Paige Taylor pqtaylor 236100 CHED P Murrell Paige Taylor pqtaylor 236101 Ctr Higher Ed Barbara Nelson Paige Taylor pqtaylor 236500 Center Research Education Policy Ronisha Childress rcchldrs 236501 CREP S Ross Ronisha Childress rcchldrs 236502 CREP John Burgette Ronisha Childress rcchldrs 236503 CREP Todd Zoblotsky Ronisha Childress rcchldrs 236504 CREP Carolyn Kaldon Ronisha Childress rcchldrs 236505 CREP Michael Rowe Ronisha Childress rcchldrs 237000 Assoc Dean Education Sheila Ogburn sogburn 237500 Campus School Crystal Higgins clhiggns 238000 Lipman School Odette Patrikios opatriks 238100 Lipman School S Turner Odette Patrikios opatriks 240000 College of Engineering David Greganti dgregant 240100 Assoc Dean Engineering David Greganti dgregant 240200 CAESER David Greganti dgregant 241000 Biomedical Engineering David Greganti dgregant 241100 Biomed E Lindner David Greganti dgregant 241101 Biomed M Yen David Greganti dgregant 241102 Biomed S Slack David Greganti dgregant 241103 Biomed S Demir Melanie James mjames 241104 Biomed A De Jongh David Greganti dgregant 241105 Biomed E Eckstein David Greganti dgregant 241106 Biomed J Bumgardner David Greganti dgregant 241107 Biomed W Haggard David Greganti dgregant 241108 Biomed John Williams David Greganti dgregant 241109 Biomed Jessica Jennings David Greganti dgregant 241110 Biomedical Engineering Esra Roan David Greganti dgregant 241111 Biomed Gary Bowlin David Greganti dgregant 242000 Civil Engineering David Greganti dgregant 242101 Civil Eng J Anderson Scott Schoefernacker sschfrnc 242102 Civil Eng L Moore David Greganti dgregant 242103 Civil Eng R Meier David Greganti dgregant 242104 Civil Eng C Camp David Greganti dgregant 242105 Civil Eng O Wheeler David Greganti dgregant 242106 Civil Eng S Pezeshk David Greganti dgregant 242107 Civil Eng B Waldron Scott Schoefernacker sschfrnc 242108 Civil Eng C Abernathy David Greganti dgregant 242109 Intermodal Frght and Transport Inst David Greganti dgregant 242110 Civil Eng Stephanie Ivey David Greganti dgregant 242111 Civil Eng D Arellano David Greganti dgregant 242112 Civil Eng Michail Gkolias David Greganti dgregant 242113 Civil Eng Ryan Csontos David Greganti dgregant 242114 Civil Eng Adel Abdelnaby David Greganti dgregant 242115 Civil Eng Sabyasachee Mishra David Greganti dgregant 242116 Civil Eng Richard Sweigard David Greganti dgregant 243000 Electrical Computer Engineering David Greganti dgregant 243100 EECE M Daley David Greganti dgregant 243101 EECE C Halford David Greganti dgregant 243102 EECE Russomanno David Greganti dgregant 243103 EECE K Iftekharuddin David Greganti dgregant 243104 EECE Steve Griffin David Greganti dgregant 243105 EECE Daniel Rehak David Greganti dgregant 243106 EECE Chrysanthe Preza David Greganti dgregant 243107 EECE Aaron Robinson David Greganti dgregant 243108 EECE Eddie Jacobs David Greganti dgregant 243109 EECE Mohammed Yeasin David Greganti dgregant 243110 EECE - Srikant Chari David Greganti dgregant 243111 EECE Mohd Hasan Ali David Greganti dgregant 243112 EECE Bashir Morshed David Greganti dgregant 243113 EECE Russell Deaton David Greganti dgregant 243114 EECE Madhu Balasubramanian David Greganti dgregant 244000 Engineering Technology Pamela DeShields pdeshlds 244100 Engineering Technology R Day Pamela DeShields pdeshlds 244101 Engineering Technology D Kohn Pamela DeShields pdeshlds 244102 Engr Tech Kevin Berisso David Greganti dgregant 245000 Mechanical Engineering David Greganti dgregant 245100 Mech Eng H Lin David Greganti dgregant 245101 Mech Eng G Lewis David Greganti dgregant 245102 Mech Eng J Mo David Greganti dgregant 245103 Mech Eng G Qi David Greganti dgregant 245104 Mech Eng J Hochstein David Greganti dgregant 245105 Mech Eng J Marchetta David Greganti dgregant 245106 Mech Eng Edward Perry David Greganti dgregant 245107 Mechnical Eng Srikant Gir David Greganti dgregant 250000 College of Communication Fine Arts Ronald Jennings ronj 250011 Ctr for Multimedia Arts Michael Schmidt mschmidt 250050 CFA Leslie Luebbers Lisa Abitz lfrancsc 250100 Art Museum Anita Huggins alhuggin 251000 Art Anthony Williamson arwllmsn 251100 COE Egypt Art Anthony Williamson arwllmsn 251101 Art W Anthes Anthony Williamson arwllmsn 251102 Art Bill McKeown Anthony Williamson arwllmsn 252000 Communication Delilah Bryant dabryant 252100 Comm D Appleby Delilah Bryant dabryant 252102 Comm A Graham Delilah Bryant dabryant 252103 Comm S J Ross Delilah Bryant dabryant 252105 Comm Amanda Young Delilah Bryant dabryant 252200 WUMR Radio Michael Rhodes mjrhods1 252300 Film and Video Production William Johnson wtjohnsn 253000 Journalism Teri Hayslett tdhysltt 253100 Helmsman Teri Hayslett tdhysltt 253101 Jour R Spielberger Teri Hayslett tdhysltt 253102 Jour E Grusin Teri Hayslett tdhysltt 253103 Journalism Carrie Brown Teri Hayslett tdhysltt 253104 Journalism Melissa Janoske Teri Hayslett tdhysltt 254000 School of Music Scott Hines slhines 254001 Music J Frazer Scott Hines slhines 254002 Lambuth Music Jeremy Tubbs jtubbs 254100 Band Scott Hines slhines 254200 Community Music School Scott Hines slhines 254300 University Opera Scott Hines slhines 254400 Jazz Programs Scott Hines slhines 254500 Choral Activities Scott Hines slhines 254600 Commercial Music Scott Hines slhines 255000 Theatre Dance Joseph Edwards jmedward 255001 Lambuth Theatre Dance Joseph Edwards jmedward 255100 Thea H Lau Joseph Edwards jmedward 255101 Theatre and Dance Moira Logan Joseph Edwards jmedward 255200 Dance Joseph Edwards jmedward 256000 Architecture Rebecca Ward rlward 256100 Architecture James Williamson Rebecca Ward rlward 260000 School of Law Christopher Patton cpatton2 260100 Law Students Christopher Patton cpatton2 260200 Law External Relations Christopher Patton cpatton2 260300 Law Admissions Records Christopher Patton cpatton2 261000 Law Library Christopher Patton cpatton2 265000 School of Nursing Alicia Stires avstires 265103 Nursing Joan Thomas Alicia Stires avstires 265105 Nursing Robert Koch Alicia Stires avstires 265106 Nursing Lillian Bargagliotti Alicia Stires avstires 265107 Nursing Genae Strong Alicia Stires avstires 265108 Nursing Shirley Thorn Alicia Stires avstires 265109 Nursing Gayle Shiba Alicia Stires avstires 268000 Enrollment Services Deanna McMillian dmcmilln 268001 Lambuth Enrollment Services Loretta Yarbrough-Ray lyrbrgh2 268010 Telecounseling and Prospect System Kyle Nixon kcnixon 268011 One Stop Shop Deanna McMillian dmcmilln 268100 Admissions Jonathan Tignor jtignor 268101 Lambuth Recruitment Loretta Yarbrough-Ray lyrbrgh2 268105 Graduate Admissions Lemmie Griggs lgriggs 268110 Admissions Process Jonathan Tignor jtignor 268120 Recruitment Kyle Nixon kcnixon 268130 Information Center Matthew Rhodes mdrhodes 268140 International Applicant Processing Jonathan Tignor jtignor 268200 Registrar Office Amy Anglin aanglin 268210 Answer Center Kyle Nixon kcnixon 268220 Student Records Amy Anglin aanglin 268230 Veterans Affairs Amy Anglin aanglin 268300 Student Financial Aid Marchello Middlebrooks mmddlbrk 268310 Financial Aid Operations Marchello Middlebrooks mmddlbrk 268320 Financial Aid Scholarships Marchello Middlebrooks mmddlbrk 271000 University Libraries James Singleton jesngltn 271002 Lambuth Libraries Branches Gary Williams gwllams5 271100 Libraries Collection Management James Singleton jesngltn 271200 Libraries Information Systems James Hudson jehudson 271300 Lib Preservation and Spcl Collectn James Singleton jesngltn 271400 Libraries Research Instruct Srvs James Singleton jesngltn 271500 Libraries Branches James Singleton jesngltn 271600 Libraries Cataloging James Singleton jesngltn 271700 Libraries Circulation James Singleton jesngltn 271800 Libraries Government Publications James Singleton jesngltn 271900 Libraries Learning Commons James Hudson jehudson 274000 School of Comm Sci and Disorders Lawrence Brainerd lbrainrd 274001 CSD E Buder Lawrence Brainerd lbrainrd 274002 CSD W Manning Lawrence Brainerd lbrainrd 274003 CSD M Cannito Lawrence Brainerd lbrainrd 274004 CSD R Cox Lawrence Brainerd lbrainrd 274005 CSD G Studebaker Lawrence Brainerd lbrainrd 274006 CSD D Wark Lawrence Brainerd lbrainrd 274007 CSD H Gould Lawrence Brainerd lbrainrd 274009 CSD K Oller Lawrence Brainerd lbrainrd 274010 CSD D Suiter Lawrence Brainerd lbrainrd 274011 CSD J Cleary Lawrence Brainerd lbrainrd 274012 CSD L Lucks-Mendel Lawrence Brainerd lbrainrd 274013 CSD Linda Jarmulowicz Lawrence Brainerd lbrainrd 274014 CSD Shaum Bhagat Lawrence Brainerd lbrainrd 274100 COE Communicative Impaired Lawrence Brainerd lbrainrd 275000 University College Elizabeth Buck ebuck 275010 Childhood Development Elizabeth Buck ebuck 275100 Family and Consumer Sciences Elizabeth Buck ebuck 275101 FCS P Stevens Elizabeth Buck ebuck 275102 FCS C Worms Elizabeth Buck ebuck 275104 FCS David Arant Elizabeth Buck ebuck 275200 University College Programs Elizabeth Buck ebuck 275210 UC S Darnell Elizabeth Buck ebuck 275220 Paralegal Studies Elizabeth Buck ebuck 275230 Liberal Studies Elizabeth Buck ebuck 275300 Regents Online Degree Program Elizabeth Buck ebuck 275310 Master of Arts Professional Studies Elizabeth Buck ebuck 276000 School of Public Health Ropo Sanvee rsanvee 276001 Environmental Health Ropo Sanvee rsanvee 276002 Social and Behavioral Sciences Ropo Sanvee rsanvee 276003 Epidemiology Lisa Klesges Ropo Sanvee rsanvee 276004 SPH SangNam Ahn Ropo Sanvee rsanvee 276005 SPH Daniel Gentry Ropo Sanvee rsanvee 276006 SPH Sunil Mathur Ropo Sanvee rsanvee 276007 SPH Jeffery Foran Ropo Sanvee rsanvee 276008 SPH Pratik Banerjee Ropo Sanvee rsanvee 276009 SPH Erik Carlton Ropo Sanvee rsanvee 276010 SPH Raymond Osarogiagbon Ropo Sanvee rsanvee 276011 SPH Hongmei Zhang Ropo Sanvee rsanvee 276012 SPH M Paige Powell Ropo Sanvee rsanvee 276100 EH Chunrung Jia Ropo Sanvee rsanvee 276101 EH Debra Bartelli Ropo Sanvee rsanvee 276102 EH Yong Yang Ropo Sanvee rsanvee 276201 SBS Marian Levy Ropo Sanvee rsanvee 276202 SBS Natalie Williams Ropo Sanvee rsanvee 276203 SBS Mary Lou Gutierrez Ropo Sanvee rsanvee 276204 SBS Sato Ashida Ropo Sanvee rsanvee 276205 SBS Latrice Pichon Ropo Sanvee rsanvee 276300 Epidemiology Ropo Sanvee rsanvee 276301 Epidemiology Fawaz Mzayek Ropo Sanvee rsanvee 276302 Epidemiology George Relyea Ropo Sanvee rsanvee 276303 Epidemiology Vikki Nolan Ropo Sanvee rsanvee 276304 Epidemiology Xinhua Yu Ropo Sanvee rsanvee 276305 Epidemiology Wilfried Karmaus Ropo Sanvee rsanvee 276306 Epidemiology James Gurney Ropo Sanvee rsanvee 276307 Epidemiology Meredith Ray Ropo Sanvee rsanvee 276308 Epidemiology Matthew Smeltzer Ropo Sanvee rsanvee 276400 Health Systems Mgmt and Policy Ropo Sanvee rsanvee 276401 HSMP Soumitra Bhuyan Ropo Sanvee rsanvee 276500 Biostats Ropo Sanvee rsanvee 280000 Acad Innovation and Support Srvs Kenya Sanders klsander 280001 Curricular Learning Communities Sherry Crone scrone 280010 Center for Information Assurance James Beel jcbeel 280020 Acad Planning Assessment Innovation Kenya Sanders klsander 280040 Honors Program Melinda Jones mljones6 280060 Advanced Learning Center Rachael Cottam rcottam 280100 Undergraduate Programs Barbara Kyker bkyker 280200 Athletic Academic Services Robert Baker rhbaker 280210 Academic Counseling Carol Hughes chghes10 280230 Ctr Acad Retention and Enrich Srvs Gwendolyn Royster gfryster 280300 Graduate Programs Lakesha Herring lsherrng 280400 International Programs Sherry Crone scrone 280600 Intensive English for Internatls Lisa Goins lgoins 280800 Lambuth Tony Pearson tgparson 283000 Vice President Research Debra Cummings dcummngs 283100 Animal Care Facility Karyl Buddington kbudding 283200 Integrated Microscopy Center Lou Boykins lgboykns 283300 Environmental Health and Safety Jennifer Tichenor jtchnor2 286000 Innovation in Teaching and Learning Tracy Robinson tprobnsn 286001 Tennessee Energy Institution Elizabeth Buck ebuck 286010 Extended Programs Dan Lattimore Elizabeth Buck ebuck 286200 International Trade Center Elizabeth Buck ebuck 286600 Extended Programs Courtney Orians cckelly 286610 Jackson Center Elizabeth Buck ebuck 286700 Continuing Education Roy Bowery rbowery 286800 Keep TN Beautiful Pamela Willingham pywllngh 30000 ORGN Title Equipment Rep E-Mail 300000 CIO Information Technology Services Constance White cwhite18 300100 Center for Partnerships GIS David Greganti dgregant 310000 Assistant CIO ITS Constance White cwhite18 311000 ITS Desktop Support Constance White cwhite18 313000 ITS Support Teaching and Learning Constance White cwhite18 315000 ITS Service Desk Constance White cwhite18 320000 Enterprise Infrastructure Services Constance White cwhite18 321000 Network Services Constance Amos cramos 340000 Technology Access Fee Constance White cwhite18 350000 Associate CIO ITS Constance White cwhite18 360000 Enterprise Application Services Constance White cwhite18 370000 Research Computing Constance White cwhite18 380000 IT Security, ID Mgmt and Compliance Constance White cwhite18 40000 ORGN Title Equipment Rep E-Mail 400000 VP Student Affairs Michael Carter mcarter1 401000 Commencement Stdt Learn Assessment Linda Harris lfharris 410000 AVP Student Affairs Madeline Simington msmngton 410100 Student Success Programs Kena Johnson-Beamon kmjhnsn2 410101 First Scholars Madeline Simington msmngton 411000 Ctr for Stdt Health and Counseling Lorna Horishny horishny 411100 Educational Support Program Barbara Bekis bbekis 411200 Testing Center Trenda Smith tmmoore1 411300 Testing Center Lambuth Trenda Smith tmmoore1 412000 Career Services Jackie Webb jwebb2 413000 Disability Resources for Students Nicole Hoyle nhoyle 414000 Adult and Commuter Student Services Heather Hampton hbanks 415000 Health Center Debbie Widman dwidman 420000 Dean of Students Julia Rhodes jrhodes 421000 Office of Student Conduct Ryan Van Dusen rlvndsen 422000 University Center Christopher Henning clhnning 422010 Rose Theatre Christopher Henning clhnning 423000 Multicultural Affairs Linda Hall lghall1 424000 Residence Life Ann Hall annhall 424020 Custodial Services Residence Life Ann Hall annhall 424030 Robison Hall Ann Hall annhall 424040 Rawls Hall Ann Hall annhall 424050 McCord Hall Ann Hall annhall 424060 Browning Hall Ann Hall annhall 424070 Smith Hall Ann Hall annhall 424080 Mynders Hall Ann Hall annhall 424090 Living Learning Residence Complex Ann Hall annhall 424100 Student Housing Complex Ann Hall annhall 424110 Richardson Towers Ann Hall annhall 424120 Student Family Housing Ann Hall annhall 424130 South Hall Ann Hall annhall 424150 Child Care Center Ann Hall annhall 424200 Food Services Peggy Ball pfball 425000 Student Leadership Devon Thompson dnorman 425010 Greek Affairs Devon Thompson dnorman 425020 SAC Devon Thompson dnorman 425021 SAC Lambuth Devon Thompson dnorman 425030 Leadership Programs Devon Thompson dnorman 426000 Campus Recreation Tasha Pollock tpollock 426010 CRIS Scheduling Tasha Pollock tpollock 430000 AVP Campus Services Ann Hall annhall 431000 Residence Life Lambuth Ann Hall annhall 431010 Oxley Hall Lambuth Ann Hall annhall 431020 Carney-Johnston Hall Lambuth Ann Hall annhall 432000 Food Services Lambuth Peggy Ball pfball 50000 ORGN Title Equipment Rep E-Mail 500000 VP Business and Finance Ladonnal Curry lcurry 500100 University Initiatives Ladonnal Curry lcurry 500102 Shared Services Center Ladonnal Curry lcurry 500103 Business and Finance Lambuth Jamilah Harris jsalim 501000 Business and Finance Support David Parks dparks 502000 Conference and Event Services Monique Savage mlsavage 503000 Police Services Derek Myers dmyers 510000 AVP Finance Amelia Cole abcole 511000 Accounting Office Montoya Williams misom 511030 Grants and Contracts Accounting Montoya Williams misom 512000 Hotel Conference Center Lorrean Lim llim 513000 Payroll Office Montoya Williams misom 514000 Bursar Helen Johnson hjohnson 515000 Financial Planning Denna West djgreer1 520000 Human Resources Marie McGee mmcgee2 520120 HR Programs Marie McGee mmcgee2 530000 AVP Physical Plant Diana Humphrey-Mckee dhumphry 531000 PP Business Operations Diana Humphrey-Mckee dhumphry 531010 PP Supply Diana Humphrey-Mckee dhumphry 531020 PP Projects Diana Humphrey-Mckee dhumphry 531030 Employee Safety and Health Diana Humphrey-Mckee dhumphry 531040 PP Motorpool Diana Humphrey-Mckee dhumphry 531050 Rental Properties Diana Humphrey-Mckee dhumphry 532000 PP Crafts Trades Diana Humphrey-Mckee dhumphry 532010 PP Maint Repairs Carpenter Diana Humphrey-Mckee dhumphry 532020 PP Maint Repairs Electric Diana Humphrey-Mckee dhumphry 532030 PP Maint Repairs GMM Diana Humphrey-Mckee dhumphry 532040 PP HVAC Diana Humphrey-Mckee dhumphry 532050 PP Energy Coordination Diana Humphrey-Mckee dhumphry 532060 PP Plumbing Diana Humphrey-Mckee dhumphry 532070 PP Maint Repairs Electronics Diana Humphrey-Mckee dhumphry 532080 PP Maint Repairs Locks Diana Humphrey-Mckee dhumphry 533000 PP Storm Water Diana Humphrey-Mckee dhumphry 533010 PP Custodial Diana Humphrey-Mckee dhumphry 533020 PP Landscape Diana Humphrey-Mckee dhumphry 534000 PP Crafts Trades Lambuth Diana Humphrey-Mckee dhumphry 534020 PP Maint Repairs EE Lambuth Diana Humphrey-Mckee dhumphry 534030 PP Maint Repairs GMM Lambuth Diana Humphrey-Mckee dhumphry 534040 PP HVAC Lambuth Diana Humphrey-Mckee dhumphry 535000 PP Cust and Land Lambuth Diana Humphrey-Mckee dhumphry 535010 PP Custodial Lambuth Diana Humphrey-Mckee dhumphry 535020 PP Landscape Lambuth Diana Humphrey-Mckee dhumphry 536000 PP Lambuth Projects Diana Humphrey-Mckee dhumphry 540000 Business Services Janet Hargrow jyhargrw 540100 Parking and Transportation Services Trevor Stack tstack 541000 Business Development Samuel Cox scox 542000 Procurement and Contract Services Karin Davis kdavis22 543000 Auxiliary Services Antoinette Harris khrris11 543100 University Services Court Antoinette Harris khrris11 543200 Mail Services Antoinette Harris khrris11 543300 Food Vending Antoinette Harris khrris11 543400 Copier Vending Antoinette Harris khrris11 543500 Tiger Copy and Graphics Antoinette Harris khrris11 550000 AVP Campus Planning Design Lauren Kane lwkane 60000 ORGN Title Equipment Rep E-Mail 600000 Development William George wgeorge 604000 Alumni and Constituent Relations William George wgeorge 610000 Marketing and Communication Linda Moody lmoody 620000 AVP Development William George wgeorge 620005 Advancement Services Wattine Baker wbaker2 620020 Development Engineering AUSP William George wgeorge 620030 Development Fine Arts William George wgeorge 620035 Development Business Economics William George wgeorge 620040 Development Health and Education William George wgeorge 630000 University of Memphis Foundation Tarit Lim ltarit 70000 ORGN Title Equipment Rep E-Mail 700000 Athletic Director Daniel McGarry demcgrry 710000 Athletic Management Finance Daniel McGarry demcgrry 710010 Athletic Ticket Office Daniel McGarry demcgrry 711100 Athletic Business Office Daniel McGarry demcgrry 712000 Athletic Administration Daniel McGarry demcgrry 712010 Athletic Video Operations Daniel McGarry demcgrry 712020 Athletic Equipment Operations Daniel McGarry demcgrry 712030 Athletic Trainer Daniel McGarry demcgrry 712040 Athletic Facilities Management Daniel McGarry demcgrry 712050 Weight Room Operations Daniel McGarry demcgrry 720000 Athletic External Affairs Daniel McGarry demcgrry 720020 Athletic Fund Raising Daniel McGarry demcgrry 730000 Athletics and Compliance Daniel McGarry demcgrry 730010 Athletic Compliance Daniel McGarry demcgrry 740000 Athletic Communications Daniel McGarry demcgrry 740010 Athletics Media Daniel McGarry demcgrry 740020 Athletic Marketing Daniel McGarry demcgrry 740030 Athletics M Club Daniel McGarry demcgrry 740040 Band Travel Daniel McGarry demcgrry 740050 Spirit Activities Daniel McGarry demcgrry 750000 Basketball Men Daniel McGarry demcgrry 750010 Basketball_Men Daniel McGarry demcgrry 751000 Football Daniel McGarry demcgrry 751010 Football Men Daniel McGarry demcgrry 752000 Baseball Daniel McGarry demcgrry 753000 Golf Men Daniel McGarry demcgrry 754000 Olympic Sports Daniel McGarry demcgrry 755000 Rifle Daniel McGarry demcgrry 756000 Soccer Men Daniel McGarry demcgrry 757000 Tennis Men Daniel McGarry demcgrry 758000 Track Men Daniel McGarry demcgrry 770000 Basketball Women Daniel McGarry demcgrry 770010 Basketball_Women Daniel McGarry demcgrry 771000 Golf Women Daniel McGarry demcgrry 772000 Soccer Women Daniel McGarry demcgrry 773000 Softball Daniel McGarry demcgrry 774000 Tennis Women Daniel McGarry demcgrry 775000 Track Women Daniel McGarry demcgrry 776000 Volleyball Daniel McGarry demcgrry 80000 ORGN Title Equipment Rep E-Mail 860000 General Plant Ryan Seidner rgsidner 90000 ORGN Title Equipment Rep E-Mail 900000 University Mktg and Communication Linda Moody lmoody Narrow results displayed by entering any part of the organization code number, title, or equipment rep name below. Comments &amp; Suggestions | Important Notice | U of M Home Site maintained by Division of Business &amp; Finance Last update: 02/12/2014